(redirs) {
	# Old page URLs
	redir /assets/line_invite.jpg https://line.me/R/ti/p/doamatto 301

  # Legacy pages
  redir /contact /blog/upgrading-this-website
  redir /legal/environmental /legal
  redir /privacy /legal
  redir /imprint /legal

  # Old blog redirs
  redir /blog/forgot-my-love-for-art /oldblog/forgot-my-love-for-art
  redir /blog/linkrot /oldblog/linkrot
  redir /blog/lunar-2022 /oldblog/lunar-2022
  redir /blog/my-web-design-process /oldblog/my-web-design-process
  redir /blog/simpledash /oldblog/simpledash
  redir /blog/srhs-graduation-22 /oldblog/srhs-graduation-22
  redir /blog/static-spotify-widgets /oldblog/static-spotify-widgets

	# Draft page redirs
	redir /cv https://www.linkedin.com/in/matthewronchetto/ 302

  # Project redirects; remove 31 dec, 2022
  redir /projects/gitcord /blog/making-gitcord 301
  redir /projects/gulp-eslint /blog/maintaining-a-gulp-plugin 301
  redir /projects/nano /blog/my-first-jekyll-theme 301

	# Github redirs; remove 31 dec, 2022
  redir /projects/always-amazon-smiling https://github.com/doamatto/always-amazon-smiling 301
  redir /projects/ella https://github.com/doamatto/ella-filters 301
	redir /projects/5mloading https://github.com/doamatto/5mloading 301
	redir /projects/fushimi https://github.com/doamatto/fushimi 301
	redir /projects/google-apis-for-vlang https://github.com/doamatto/googleapis 301
	redir /projects/inari https://github.com/doamatto/inari 301
	redir /projects/maji https://github.com/doamatto/maji 301
	redir /projects/saluto https://github.com/doamatto/saluto 301
	redir /projects/southpine-wrappers https://github.com/playglitch 301
	redir /projects/swift-bot https://github.com/doamatto/swiftbot-legacy 301
	redir /projects/vote-to-mute https://github.com/doamatto/vote-to-mute 301
	redir /projects/yamh https://github.com/doamatto/yamh 301
	redir /icloud-shortcuts https://github.com/doamatto/icloud-shortcuts 301

	# Rainbows; flip comments for "season"
	#redir /🏳️‍🌈 /rainbows 301
	#redir /%F0%9F%8F%B3%EF%B8%8F%E2%80%8D%F0%9F%8C%88 /rainbows 301
	#redir /🏳%EF%B8%8F%E2%80%8D🌈 /rainbows 301
  redir /%F0%9F%8F%B3%EF%B8%8F%E2%80%8D%F0%9F%8C%88 / 302
  redir /🏳%EF%B8%8F%E2%80%8D🌈 / 302
  redir /🏳️‍🌈 / 302

  # 404 redirects
  handle_errors {
    handle @404 {
      rewrite * /404.html
      encode zstd gzip
      file_server {
        precompressed br
      }
    }
  }

	# Caching
	header Cache-Control "max-age=3600"
	header /static/* Cache-Control "max-age=31536000"

	# General headers
	header Permissions-Policy "interest-cohort=(), browsing-topics=(), join-ad-interest-group=(), run-ad-auction=()"
	header X-Content-Type-Options "nosniff"
	header X-Frame-Options "DENY"
	header Referrer-Policy "no-referrer"
	header Strict-Transport-Security "max-age=31536000;includeSubDomains;preload"
	header Vary "Origin"
	header Expect-CT "max-age=86400, enforce"
  header Server "maatt DOT fr"
  header Cross-Origin-Opener-Policy "same-origin; report-to='mailto:security@doamatto.xyz'"
  header Cross-Origin-Embedder-Policy "require-corp; report-to='mailto:security@doamatto.xyz'"
	header Content-Security-Policy "default-src 'none'; style-src 'self'; img-src 'self' https://fm.doamatto.xyz; font-src 'none'; form-action 'none'; upgrade-insecure-requests; block-all-mixed-content; object-src 'none'; connect-src 'none'; base-uri 'self'; frame-ancestors 'none'"
}

# Set internal Farer ACME server
#matt.fa,
#www.matt.fa {
#  tls acme https://acme.nic.fa/directory
#}

#matt.fa,
beta.maatt.fr {
	import redirs
  root * /srv/apps/caddy/sites/beta.maatt.fr/out
	encode zstd gzip
	file_server {
    precompressed br
  }
}

#www.matt.fa,
#maatt.ch,
#www.maatt.ch,
#www.maatt.fr,
#www.maatt.eu,
#maatt.eu {
#	import redirs
#	redir https://maatt.fr{uri} 301
#}
